Action,Id,RuleSet,Category,Title,Severity,Reasoning
None,CA1000,.NET Quality,Design,Do not declare static members on generic types,Warning,
None,CA1001,.NET Quality,Design,Types that own disposable fields should be disposable,Warning,
None,CA1002,.NET Quality,Design,Do not expose generic lists,Warning,
None,CA1003,.NET Quality,Design,Use generic event handler instances,Warning,
None,CA1005,.NET Quality,Design,Avoid excessive parameters on generic types,Warning,
None,CA1008,.NET Quality,Design,Enums should have zero value,Warning,
None,CA1010,.NET Quality,Design,Generic interface should also be implemented,Warning,
None,CA1012,.NET Quality,Design,Abstract types should not have public constructors,Warning,
None,CA1014,.NET Quality,Design,Mark assemblies with CLSCompliant,Warning,
None,CA1016,.NET Quality,Design,Mark assemblies with assembly version,Warning,
None,CA1017,.NET Quality,Design,Mark assemblies with ComVisible,Warning,
None,CA1018,.NET Quality,Design,Mark attributes with AttributeUsageAttribute,Warning,
None,CA1019,.NET Quality,Design,Define accessors for attribute arguments,Warning,
None,CA1021,.NET Quality,Design,Avoid out parameters,Warning,
None,CA1024,.NET Quality,Design,Use properties where appropriate,Warning,
None,CA1027,.NET Quality,Design,Mark enums with FlagsAttribute,Warning,
None,CA1028,.NET Quality,Design,Enum Storage should be Int32,Warning,
None,CA1030,.NET Quality,Design,Use events where appropriate,Warning,
None,CA1031,.NET Quality,Design,Do not catch general exception types,Warning,
None,CA1032,.NET Quality,Design,Implement standard exception constructors,Disabled,
None,CA1033,.NET Quality,Design,Interface methods should be callable by child types,Warning,
None,CA1034,.NET Quality,Design,Nested types should not be visible,Warning,
None,CA1036,.NET Quality,Design,Override methods on comparable types,Warning,
None,CA1040,.NET Quality,Design,Avoid empty interfaces,Disabled,
None,CA1041,.NET Quality,Design,Provide ObsoleteAttribute message,Warning,
None,CA1043,.NET Quality,Design,Use Integral Or String Argument For Indexers,Warning,
None,CA1044,.NET Quality,Design,Properties should not be write only,Warning,
None,CA1045,.NET Quality,Design,Do not pass types by reference,Warning,
None,CA1046,.NET Quality,Design,Do not overload equality operator on reference types,Disabled,
None,CA1047,.NET Quality,Design,Do not declare protected member in sealed type,Warning,
None,CA1050,.NET Quality,Design,Declare types in namespaces,Warning,
None,CA1051,.NET Quality,Design,Do not declare visible instance fields,Warning,
None,CA1052,.NET Quality,Design,Static holder types should be Static or NotInheritable,Warning,
None,CA1054,.NET Quality,Design,URI-like parameters should not be strings,Warning,
None,CA1055,.NET Quality,Design,URI-like return values should not be strings,Warning,
None,CA1056,.NET Quality,Design,URI-like properties should not be strings,Warning,
None,CA1058,.NET Quality,Design,Types should not extend certain base types,Warning,
None,CA1060,.NET Quality,Design,Move pinvokes to native methods class,Warning,
None,CA1061,.NET Quality,Design,Do not hide base class methods,Warning,
None,CA1062,.NET Quality,Design,Validate arguments of public methods,Warning,
None,CA1063,.NET Quality,Design,Implement IDisposable Correctly,Warning,
None,CA1064,.NET Quality,Design,Exceptions should be public,Warning,
None,CA1065,.NET Quality,Design,Do not raise exceptions in unexpected locations,Warning,
None,CA1066,.NET Quality,Design,Implement IEquatable when overriding Object.Equals,Warning,
None,CA1067,.NET Quality,Design,Override Object.Equals(object) when implementing IEquatable<T>,Warning,
None,CA1068,.NET Quality,Design,CancellationToken parameters must come last,Warning,
None,CA1069,.NET Quality,Design,Enums values should not be duplicated,Warning,
None,CA1070,.NET Quality,Design,Do not declare event fields as virtual,Warning,
None,CA1200,.NET Quality,Documentation,Avoid using cref tags with a prefix,Warning,
None,CA1303,.NET Quality,Globalization,Do not pass literals as localized parameters,Warning,
None,CA1304,.NET Quality,Globalization,Specify CultureInfo,Warning,
None,CA1305,.NET Quality,Globalization,Specify IFormatProvider,Disabled,
None,CA1307,.NET Quality,Globalization,Specify StringComparison for clarity,Warning,
None,CA1308,.NET Quality,Globalization,Normalize strings to uppercase,Warning,
None,CA1309,.NET Quality,Globalization,Use ordinal string comparison,Warning,
None,CA1310,.NET Quality,Globalization,Specify StringComparison for correctness,Disabled,
None,CA1311,.NET Quality,Globalization,Specify a culture or use an invariant version,Warning,
None,CA2101,.NET Quality,Globalization,Specify marshaling for P/Invoke string arguments,Warning,
None,CA1401,.NET Quality,Interoperability,P/Invokes should not be visible,Warning,
None,CA1416,.NET Quality,Interoperability,Validate platform compatibility,Warning,
None,CA1417,.NET Quality,Interoperability,Do not use 'OutAttribute' on string parameters for P/Invokes,Warning,
None,CA1418,.NET Quality,Interoperability,Use valid platform string,Warning,
None,CA1419,.NET Quality,Interoperability,Provide a parameterless constructor that is as visible as the containing type for concrete types derived from 'System.Runtime.InteropServices.SafeHandle',Warning,
None,CA1420,.NET Quality,Interoperability,"Property, type, or attribute requires runtime marshalling",Warning,
None,CA1421,.NET Quality,Interoperability,This method uses runtime marshalling even when the 'DisableRuntimeMarshallingAttribute' is applied,Warning,
None,CA1422,.NET Quality,Interoperability,Validate platform compatibility,Warning,
None,CA1501,.NET Quality,Maintainability,Avoid excessive inheritance,Warning,
None,CA1502,.NET Quality,Maintainability,Avoid excessive complexity,Warning,
None,CA1505,.NET Quality,Maintainability,Avoid unmaintainable code,Warning,
None,CA1506,.NET Quality,Maintainability,Avoid excessive class coupling,Warning,
None,CA1507,.NET Quality,Maintainability,Use nameof to express symbol names,Warning,
None,CA1508,.NET Quality,Maintainability,Avoid dead conditional code,Warning,
None,CA1509,.NET Quality,Maintainability,Invalid entry in code metrics rule specification file,Warning,
None,CA1510,.NET Quality,Maintainability,Use ArgumentNullException throw helper,Warning,
None,CA1511,.NET Quality,Maintainability,Use ArgumentException throw helper,Warning,
None,CA1512,.NET Quality,Maintainability,Use ArgumentOutOfRangeException throw helper,Warning,
None,CA1513,.NET Quality,Maintainability,Use ObjectDisposedException throw helper,Warning,
None,CA1514,.NET Quality,Maintainability,Avoid redundant length argument,Warning,
None,CA1515,.NET Quality,Maintainability,Consider making public types internal,Warning,
None,CA1516,.NET Quality,Maintainability,Use cross-platform intrinsics,Warning,
None,CA1517,.NET Quality,Maintainability,Use 'ReadOnlySpan<T>' or 'ReadOnlyMemory<T>' instead of 'Span<T>' or 'Memory<T>',Warning,
None,CA1700,.NET Quality,Naming,Do not name enum values 'Reserved',Warning,
None,CA1704,.NET Quality,Naming,Identifiers should be spelled correctly,Hidden,Undocumented and covered by typos linter
None,CA1707,.NET Quality,Naming,Identifiers should not contain underscores,Warning,
None,CA1708,.NET Quality,Naming,Identifiers should differ by more than case,Warning,
None,CA1710,.NET Quality,Naming,Identifiers should have correct suffix,Warning,
None,CA1711,.NET Quality,Naming,Identifiers should not have incorrect suffix,Warning,
None,CA1712,.NET Quality,Naming,Do not prefix enum values with type name,Warning,
None,CA1713,.NET Quality,Naming,Events should not have 'Before' or 'After' prefix,Warning,
None,CA1714,.NET Quality,Naming,Flags enums should have plural names,Warning,
None,CA1715,.NET Quality,Naming,Identifiers should have correct prefix,Warning,
None,CA1716,.NET Quality,Naming,Identifiers should not match keywords,Disabled,
None,CA1717,.NET Quality,Naming,Only FlagsAttribute enums should have plural names,Warning,
None,CA1720,.NET Quality,Naming,Identifier contains type name,Disabled,
None,CA1721,.NET Quality,Naming,Property names should not match get methods,Warning,
None,CA1724,.NET Quality,Naming,Type names should not match namespaces,Warning,
None,CA1725,.NET Quality,Naming,Parameter names should match base declaration,Warning,
None,CA1727,.NET Quality,Naming,Use PascalCase for named placeholders,Warning,
None,CA1802,.NET Quality,Performance,Use literals where appropriate,Warning,
None,CA1805,.NET Quality,Performance,Do not initialize unnecessarily,Warning,
None,CA1806,.NET Quality,Performance,Do not ignore method results,Warning,
None,CA1810,.NET Quality,Performance,Initialize reference type static fields inline,Warning,
None,CA1812,.NET Quality,Performance,Avoid uninstantiated internal classes,Disabled,
None,CA1813,.NET Quality,Performance,Avoid unsealed attributes,Warning,
None,CA1814,.NET Quality,Performance,Prefer jagged arrays over multidimensional,Warning,
None,CA1815,.NET Quality,Performance,Override equals and operator equals on value types,Warning,
None,CA1819,.NET Quality,Performance,Properties should not return arrays,Warning,
None,CA1820,.NET Quality,Performance,Test for empty strings using string length,Warning,
None,CA1821,.NET Quality,Performance,Remove empty Finalizers,Warning,
None,CA1822,.NET Quality,Performance,Mark members as static,Warning,
None,CA1823,.NET Quality,Performance,Avoid unused private fields,Warning,
None,CA1824,.NET Quality,Performance,Mark assemblies with NeutralResourcesLanguageAttribute,Warning,
None,CA1825,.NET Quality,Performance,Avoid zero-length array allocations,Warning,
None,CA1826,.NET Quality,Performance,Do not use Enumerable methods on indexable collections,Warning,
None,CA1827,.NET Quality,Performance,Do not use Count() or LongCount() when Any() can be used,Warning,
None,CA1828,.NET Quality,Performance,Do not use CountAsync() or LongCountAsync() when AnyAsync() can be used,Warning,
None,CA1829,.NET Quality,Performance,Use Length/Count property instead of Count() when available,Warning,
None,CA1830,.NET Quality,Performance,Prefer strongly-typed Append and Insert method overloads on StringBuilder,Warning,
None,CA1831,.NET Quality,Performance,Use AsSpan or AsMemory instead of Range-based indexers when appropriate,Warning,
None,CA1832,.NET Quality,Performance,Use AsSpan or AsMemory instead of Range-based indexers when appropriate,Warning,
None,CA1833,.NET Quality,Performance,Use AsSpan or AsMemory instead of Range-based indexers when appropriate,Warning,
None,CA1834,.NET Quality,Performance,Consider using 'StringBuilder.Append(char)' when applicable,Warning,
None,CA1835,.NET Quality,Performance,Prefer the 'Memory'-based overloads for 'ReadAsync' and 'WriteAsync',Warning,
None,CA1836,.NET Quality,Performance,Prefer IsEmpty over Count,Warning,
None,CA1837,.NET Quality,Performance,Use 'Environment.ProcessId',Warning,
None,CA1838,.NET Quality,Performance,Avoid 'StringBuilder' parameters for P/Invokes,Warning,
None,CA1839,.NET Quality,Performance,Use 'Environment.ProcessPath',Warning,
None,CA1840,.NET Quality,Performance,Use 'Environment.CurrentManagedThreadId',Warning,
None,CA1841,.NET Quality,Performance,Prefer Dictionary.Contains methods,Warning,
None,CA1842,.NET Quality,Performance,Do not use 'WhenAll' with a single task,Warning,
None,CA1843,.NET Quality,Performance,Do not use 'WaitAll' with a single task,Warning,
None,CA1844,.NET Quality,Performance,Provide memory-based overrides of async methods when subclassing 'Stream',Warning,
None,CA1845,.NET Quality,Performance,Use span-based 'string.Concat',Warning,
None,CA1846,.NET Quality,Performance,Prefer 'AsSpan' over 'Substring',Warning,
None,CA1847,.NET Quality,Performance,Use char literal for a single character lookup,Warning,
None,CA1848,.NET Quality,Performance,Use the LoggerMessage delegates,Warning,
None,CA1849,.NET Quality,Performance,Call async methods when in an async method,Warning,
None,CA1850,.NET Quality,Performance,Prefer static 'HashData' method over 'ComputeHash',Warning,
None,CA1851,.NET Quality,Performance,Possible multiple enumerations of 'IEnumerable' collection,Warning,
None,CA1852,.NET Quality,Performance,Seal internal types,Warning,
None,CA1853,.NET Quality,Performance,Unnecessary call to 'Dictionary.ContainsKey(key)',Warning,
None,CA1854,.NET Quality,Performance,"Prefer the 'IDictionary.TryGetValue(TKey, out TValue)' method",Warning,
None,CA1855,.NET Quality,Performance,Prefer 'Clear' over 'Fill',Warning,
None,CA1856,.NET Quality,Performance,Incorrect usage of ConstantExpected attribute,Warning,
None,CA1857,.NET Quality,Performance,A constant is expected for the parameter,Warning,
None,CA1858,.NET Quality,Performance,Use 'StartsWith' instead of 'IndexOf',Warning,
None,CA1859,.NET Quality,Performance,Use concrete types when possible for improved performance,Warning,
None,CA1860,.NET Quality,Performance,Avoid using 'Enumerable.Any()' extension method,Warning,
None,CA1861,.NET Quality,Performance,Avoid constant arrays as arguments,Warning,
None,CA1862,.NET Quality,Performance,Use the 'StringComparison' method overloads to perform case-insensitive string comparisons,Warning,
None,CA1863,.NET Quality,Performance,Use 'CompositeFormat',Warning,
None,CA1864,.NET Quality,Performance,"Prefer the 'IDictionary.TryAdd(TKey, TValue)' method",Warning,
None,CA1865,.NET Quality,Performance,Use char overload,Warning,
None,CA1866,.NET Quality,Performance,Use char overload,Warning,
None,CA1867,.NET Quality,Performance,Use char overload,Warning,
None,CA1868,.NET Quality,Performance,Unnecessary call to 'Contains(item)',Warning,
None,CA1869,.NET Quality,Performance,Cache and reuse 'JsonSerializerOptions' instances,Warning,
None,CA1870,.NET Quality,Performance,Use a cached 'SearchValues' instance,Warning,
None,CA1871,.NET Quality,Performance,Do not pass a nullable struct to 'ArgumentNullException.ThrowIfNull',Warning,
None,CA1872,.NET Quality,Performance,Prefer 'Convert.ToHexString' and 'Convert.ToHexStringLower' over call chains based on 'BitConverter.ToString',Warning,
None,CA1873,.NET Quality,Performance,Avoid potentially expensive logging,Warning,
None,CA1874,.NET Quality,Performance,Use 'Regex.IsMatch',Warning,
None,CA1875,.NET Quality,Performance,Use 'Regex.Count',Warning,
None,CA1876,.NET Quality,Performance,Do not use 'AsParallel' in 'foreach',Warning,
None,CA1877,.NET Quality,Performance,Collapse consecutive Path.Combine or Path.Join operations,Warning,
None,CA2000,.NET Quality,Reliability,Dispose objects before losing scope,Warning,
None,CA2002,.NET Quality,Reliability,Do not lock on objects with weak identity,Warning,
None,CA2007,.NET Quality,Reliability,Consider calling ConfigureAwait on the awaited task,Warning,
None,CA2008,.NET Quality,Reliability,Do not create tasks without passing a TaskScheduler,Warning,
None,CA2009,.NET Quality,Reliability,Do not call ToImmutableCollection on an ImmutableCollection value,Warning,
None,CA2011,.NET Quality,Reliability,Avoid infinite recursion,Warning,
None,CA2012,.NET Quality,Reliability,Use ValueTasks correctly,Warning,
None,CA2013,.NET Quality,Reliability,Do not use ReferenceEquals with value types,Warning,
None,CA2014,.NET Quality,Reliability,Do not use stackalloc in loops,Warning,
None,CA2015,.NET Quality,Reliability,Do not define finalizers for types derived from MemoryManager<T>,Warning,
None,CA2016,.NET Quality,Reliability,Forward the 'CancellationToken' parameter to methods,Warning,
None,CA2017,.NET Quality,Reliability,Parameter count mismatch,Warning,
None,CA2018,.NET Quality,Reliability,'Buffer.BlockCopy' expects the number of bytes to be copied for the 'count' argument,Warning,
None,CA2019,.NET Quality,Reliability,Improper 'ThreadStatic' field initialization,Warning,
None,CA2020,.NET Quality,Reliability,Prevent behavioral change,Warning,
None,CA2021,.NET Quality,Reliability,Do not call Enumerable.Cast<T> or Enumerable.OfType<T> with incompatible types,Warning,
None,CA2022,.NET Quality,Reliability,Avoid inexact read with 'Stream.Read',Warning,
None,CA2023,.NET Quality,Reliability,Invalid braces in message template,Warning,
None,CA2024,.NET Quality,Reliability,Do not use 'StreamReader.EndOfStream' in async methods,Warning,
None,CA2025,.NET Quality,Reliability,Do not pass 'IDisposable' instances into unawaited tasks,Warning,
None,CA2026,.NET Quality,Reliability,Prefer JsonElement.Parse over JsonDocument.Parse().RootElement,Warning,
None,CA2027,.NET Quality,Reliability,Cancel Task.Delay after Task.WhenAny completes,Warning,
None,CA2100,.NET Quality,Security,Review SQL queries for security vulnerabilities,Warning,
None,CA2119,.NET Quality,Security,Seal methods that satisfy private interfaces,Warning,
None,CA2153,.NET Quality,Security,Do Not Catch Corrupted State Exceptions,Warning,
None,CA2300,.NET Quality,Security,Do not use insecure deserializer BinaryFormatter,Warning,
None,CA2301,.NET Quality,Security,Do not call BinaryFormatter.Deserialize without first setting BinaryFormatter.Binder,Warning,
None,CA2302,.NET Quality,Security,Ensure BinaryFormatter.Binder is set before calling BinaryFormatter.Deserialize,Warning,
None,CA2305,.NET Quality,Security,Do not use insecure deserializer LosFormatter,Warning,
None,CA2310,.NET Quality,Security,Do not use insecure deserializer NetDataContractSerializer,Warning,
None,CA2311,.NET Quality,Security,Do not deserialize without first setting NetDataContractSerializer.Binder,Warning,
None,CA2312,.NET Quality,Security,Ensure NetDataContractSerializer.Binder is set before deserializing,Warning,
None,CA2315,.NET Quality,Security,Do not use insecure deserializer ObjectStateFormatter,Warning,
None,CA2321,.NET Quality,Security,Do not deserialize with JavaScriptSerializer using a SimpleTypeResolver,Warning,
None,CA2322,.NET Quality,Security,Ensure JavaScriptSerializer is not initialized with SimpleTypeResolver before deserializing,Warning,
None,CA2326,.NET Quality,Security,Do not use TypeNameHandling values other than None,Warning,
None,CA2327,.NET Quality,Security,Do not use insecure JsonSerializerSettings,Warning,
None,CA2328,.NET Quality,Security,Ensure that JsonSerializerSettings are secure,Warning,
None,CA2329,.NET Quality,Security,Do not deserialize with JsonSerializer using an insecure configuration,Warning,
None,CA2330,.NET Quality,Security,Ensure that JsonSerializer has a secure configuration when deserializing,Warning,
None,CA2350,.NET Quality,Security,Do not use DataTable.ReadXml() with untrusted data,Warning,
None,CA2351,.NET Quality,Security,Do not use DataSet.ReadXml() with untrusted data,Warning,
None,CA2352,.NET Quality,Security,Unsafe DataSet or DataTable in serializable type can be vulnerable to remote code execution attacks,Warning,
None,CA2353,.NET Quality,Security,Unsafe DataSet or DataTable in serializable type,Warning,
None,CA2354,.NET Quality,Security,Unsafe DataSet or DataTable in deserialized object graph can be vulnerable to remote code execution attacks,Warning,
None,CA2355,.NET Quality,Security,Unsafe DataSet or DataTable type found in deserializable object graph,Warning,
None,CA2356,.NET Quality,Security,Unsafe DataSet or DataTable type in web deserializable object graph,Warning,
None,CA2361,.NET Quality,Security,Ensure auto-generated class containing DataSet.ReadXml() is not used with untrusted data,Warning,
None,CA2362,.NET Quality,Security,Unsafe DataSet or DataTable in auto-generated serializable type can be vulnerable to remote code execution attacks,Warning,
None,CA3001,.NET Quality,Security,Review code for SQL injection vulnerabilities,Warning,
None,CA3002,.NET Quality,Security,Review code for XSS vulnerabilities,Warning,
None,CA3003,.NET Quality,Security,Review code for file path injection vulnerabilities,Warning,
None,CA3004,.NET Quality,Security,Review code for information disclosure vulnerabilities,Warning,
None,CA3005,.NET Quality,Security,Review code for LDAP injection vulnerabilities,Warning,
None,CA3006,.NET Quality,Security,Review code for process command injection vulnerabilities,Warning,
None,CA3007,.NET Quality,Security,Review code for open redirect vulnerabilities,Warning,
None,CA3008,.NET Quality,Security,Review code for XPath injection vulnerabilities,Warning,
None,CA3009,.NET Quality,Security,Review code for XML injection vulnerabilities,Warning,
None,CA3010,.NET Quality,Security,Review code for XAML injection vulnerabilities,Warning,
None,CA3011,.NET Quality,Security,Review code for DLL injection vulnerabilities,Warning,
None,CA3012,.NET Quality,Security,Review code for regex injection vulnerabilities,Warning,
None,CA3061,.NET Quality,Security,Do Not Add Schema By URL,Warning,
None,CA3075,.NET Quality,Security,Insecure DTD processing in XML,Warning,
None,CA3076,.NET Quality,Security,Insecure XSLT script processing,Warning,
None,CA3077,.NET Quality,Security,"Insecure Processing in API Design, XmlDocument and XmlTextReader",Warning,
None,CA3147,.NET Quality,Security,Mark Verb Handlers With Validate Antiforgery Token,Warning,
None,CA5350,.NET Quality,Security,Do Not Use Weak Cryptographic Algorithms,Warning,
None,CA5351,.NET Quality,Security,Do Not Use Broken Cryptographic Algorithms,Warning,
None,CA5358,.NET Quality,Security,Review cipher mode usage with cryptography experts,Warning,
None,CA5359,.NET Quality,Security,Do Not Disable Certificate Validation,Warning,
None,CA5360,.NET Quality,Security,Do Not Call Dangerous Methods In Deserialization,Warning,
None,CA5361,.NET Quality,Security,Do Not Disable SChannel Use of Strong Crypto,Warning,
None,CA5362,.NET Quality,Security,Potential reference cycle in deserialized object graph,Warning,
None,CA5363,.NET Quality,Security,Do Not Disable Request Validation,Warning,
None,CA5364,.NET Quality,Security,Do Not Use Deprecated Security Protocols,Warning,
None,CA5365,.NET Quality,Security,Do Not Disable HTTP Header Checking,Warning,
None,CA5366,.NET Quality,Security,Use XmlReader for 'DataSet.ReadXml()',Warning,
None,CA5367,.NET Quality,Security,Do Not Serialize Types With Pointer Fields,Warning,
None,CA5368,.NET Quality,Security,Set ViewStateUserKey For Classes Derived From Page,Warning,
None,CA5369,.NET Quality,Security,Use XmlReader for 'XmlSerializer.Deserialize()',Warning,
None,CA5370,.NET Quality,Security,Use XmlReader for XmlValidatingReader constructor,Warning,
None,CA5371,.NET Quality,Security,Use XmlReader for 'XmlSchema.Read()',Warning,
None,CA5372,.NET Quality,Security,Use XmlReader for XPathDocument constructor,Warning,
None,CA5373,.NET Quality,Security,Do not use obsolete key derivation function,Warning,
None,CA5374,.NET Quality,Security,Do Not Use XslTransform,Warning,
None,CA5375,.NET Quality,Security,Do Not Use Account Shared Access Signature,Warning,
None,CA5376,.NET Quality,Security,Use SharedAccessProtocol HttpsOnly,Warning,
None,CA5377,.NET Quality,Security,Use Container Level Access Policy,Warning,
None,CA5378,.NET Quality,Security,Do not disable ServicePointManagerSecurityProtocols,Warning,
None,CA5379,.NET Quality,Security,Ensure Key Derivation Function algorithm is sufficiently strong,Warning,
None,CA5380,.NET Quality,Security,Do Not Add Certificates To Root Store,Warning,
None,CA5381,.NET Quality,Security,Ensure Certificates Are Not Added To Root Store,Warning,
None,CA5382,.NET Quality,Security,Use Secure Cookies In ASP.NET Core,Warning,
None,CA5383,.NET Quality,Security,Ensure Use Secure Cookies In ASP.NET Core,Warning,
None,CA5384,.NET Quality,Security,Do Not Use Digital Signature Algorithm (DSA),Warning,
None,CA5385,.NET Quality,Security,Use Rivest-Shamir-Adleman (RSA) Algorithm With Sufficient Key Size,Warning,
None,CA5386,.NET Quality,Security,Avoid hardcoding SecurityProtocolType value,Warning,
None,CA5387,.NET Quality,Security,Do Not Use Weak Key Derivation Function With Insufficient Iteration Count,Warning,
None,CA5388,.NET Quality,Security,Ensure Sufficient Iteration Count When Using Weak Key Derivation Function,Warning,
None,CA5389,.NET Quality,Security,Do Not Add Archive Item's Path To The Target File System Path,Warning,
None,CA5390,.NET Quality,Security,Do not hard-code encryption key,Warning,
None,CA5391,.NET Quality,Security,Use antiforgery tokens in ASP.NET Core MVC controllers,Warning,
None,CA5392,.NET Quality,Security,Use DefaultDllImportSearchPaths attribute for P/Invokes,Warning,
None,CA5393,.NET Quality,Security,Do not use unsafe DllImportSearchPath value,Warning,
None,CA5394,.NET Quality,Security,Do not use insecure randomness,Warning,
None,CA5395,.NET Quality,Security,Miss HttpVerb attribute for action methods,Warning,
None,CA5396,.NET Quality,Security,Set HttpOnly to true for HttpCookie,Warning,
None,CA5397,.NET Quality,Security,Do not use deprecated SslProtocols values,Warning,
None,CA5398,.NET Quality,Security,Avoid hardcoded SslProtocols values,Warning,
None,CA5399,.NET Quality,Security,HttpClients should enable certificate revocation list checks,Warning,
None,CA5400,.NET Quality,Security,Ensure HttpClient certificate revocation list check is not disabled,Warning,
None,CA5401,.NET Quality,Security,Do not use CreateEncryptor with non-default IV,Warning,
None,CA5402,.NET Quality,Security,Use CreateEncryptor with the default IV,Warning,
None,CA5403,.NET Quality,Security,Do not hard-code certificate,Warning,
None,CA5404,.NET Quality,Security,Do not disable token validation checks,Warning,
None,CA5405,.NET Quality,Security,Do not always skip token validation in delegates,Warning,
None,IL3000,.NET Quality,SingleFile,Avoid accessing Assembly file path when publishing as a single file,Warning,
None,IL3001,.NET Quality,SingleFile,Avoid accessing Assembly file path when publishing as a single file,Warning,
None,IL3002,.NET Quality,SingleFile,Avoid calling members annotated with 'RequiresAssemblyFilesAttribute' when publishing as a single file,Warning,
None,IL3003,.NET Quality,SingleFile,'RequiresAssemblyFilesAttribute' annotations must match across all interface implementations or overrides.,Warning,
None,IL3005,.NET Quality,SingleFile,RequiresAssemblyFilesAttribute cannot be placed directly on application entry point.,Warning,
None,CA1816,.NET Quality,Usage,Dispose methods should call SuppressFinalize,Warning,
None,CA2200,.NET Quality,Usage,Rethrow to preserve stack details,Warning,
None,CA2201,.NET Quality,Usage,Do not raise reserved exception types,Warning,
None,CA2207,.NET Quality,Usage,Initialize value type static fields inline,Warning,
None,CA2208,.NET Quality,Usage,Instantiate argument exceptions correctly,Warning,
None,CA2211,.NET Quality,Usage,Non-constant fields should not be visible,Warning,
None,CA2213,.NET Quality,Usage,Disposable fields should be disposed,Warning,
None,CA2214,.NET Quality,Usage,Do not call overridable methods in constructors,Warning,
None,CA2215,.NET Quality,Usage,Dispose methods should call base class dispose,Warning,
None,CA2216,.NET Quality,Usage,Disposable types should declare finalizer,Warning,
None,CA2217,.NET Quality,Usage,Do not mark enums with FlagsAttribute,Warning,
None,CA2218,.NET Quality,Usage,Override GetHashCode on overriding Equals,Warning,
None,CA2219,.NET Quality,Usage,Do not raise exceptions in finally clauses,Warning,
None,CA2224,.NET Quality,Usage,Override Equals on overloading operator equals,Warning,
None,CA2225,.NET Quality,Usage,Operator overloads have named alternates,Warning,
None,CA2226,.NET Quality,Usage,Operators should have symmetrical overloads,Warning,
None,CA2227,.NET Quality,Usage,Collection properties should be read only,Warning,
None,CA2231,.NET Quality,Usage,Overload operator equals on overriding value type Equals,Warning,
None,CA2234,.NET Quality,Usage,Pass system uri objects instead of strings,Warning,
None,CA2235,.NET Quality,Usage,Mark all non-serializable fields,Warning,
None,CA2237,.NET Quality,Usage,Mark ISerializable types with serializable,Warning,
None,CA2241,.NET Quality,Usage,Provide correct arguments to formatting methods,Warning,
None,CA2242,.NET Quality,Usage,Test for NaN correctly,Warning,
None,CA2243,.NET Quality,Usage,Attribute string literals should parse correctly,Warning,
None,CA2244,.NET Quality,Usage,Do not duplicate indexed element initializations,Warning,
None,CA2245,.NET Quality,Usage,Do not assign a property to itself,Warning,
None,CA2246,.NET Quality,Usage,Assigning symbol and its member in the same statement,Warning,
None,CA2247,.NET Quality,Usage,Argument passed to TaskCompletionSource constructor should be TaskCreationOptions enum instead of TaskContinuationOptions enum,Warning,
None,CA2248,.NET Quality,Usage,Provide correct 'enum' argument to 'Enum.HasFlag',Warning,
None,CA2249,.NET Quality,Usage,Consider using 'string.Contains' instead of 'string.IndexOf',Warning,
None,CA2250,.NET Quality,Usage,Use 'ThrowIfCancellationRequested',Warning,
None,CA2251,.NET Quality,Usage,Use 'string.Equals',Warning,
None,CA2252,.NET Quality,Usage,This API requires opting into preview features,Warning,
None,CA2253,.NET Quality,Usage,Named placeholders should not be numeric values,Warning,
None,CA2254,.NET Quality,Usage,Template should be a static expression,Warning,
None,CA2255,.NET Quality,Usage,The 'ModuleInitializer' attribute should not be used in libraries,Warning,
None,CA2256,.NET Quality,Usage,All members declared in parent interfaces must have an implementation in a DynamicInterfaceCastableImplementation-attributed interface,Warning,
None,CA2257,.NET Quality,Usage,Members defined on an interface with the 'DynamicInterfaceCastableImplementationAttribute' should be 'static',Warning,
None,CA2258,.NET Quality,Usage,Providing a 'DynamicInterfaceCastableImplementation' interface in Visual Basic is unsupported,Warning,
None,CA2259,.NET Quality,Usage,'ThreadStatic' only affects static fields,Warning,
None,CA2260,.NET Quality,Usage,Use correct type parameter,Warning,
None,CA2261,.NET Quality,Usage,Do not use ConfigureAwaitOptions.SuppressThrowing with Task<TResult>,Warning,
None,CA2262,.NET Quality,Usage,Set 'MaxResponseHeadersLength' properly,Warning,
None,CA2263,.NET Quality,Usage,Prefer generic overload when type is known,Warning,
None,CA2264,.NET Quality,Usage,Do not pass a non-nullable value to 'ArgumentNullException.ThrowIfNull',Warning,
None,CA2265,.NET Quality,Usage,Do not compare Span<T> to 'null' or 'default',Warning,
None,CA2266,.NET Quality,Usage,File-based program entry point should start with '#!',Warning,
None,IDE0001,.NET Style,,Simplify name,Warning,
None,IDE0002,.NET Style,,Simplify member access,Warning,
None,IDE0003,.NET Style,,Name can be simplified,Warning,
None,IDE0004,.NET Style,,Remove unnecessary cast,Warning,
None,IDE0005,.NET Style,,Remove unnecessary import,Warning,
None,IDE0007,.NET Style,,Use var instead of explicit type,Warning,
None,IDE0008,.NET Style,,Use explicit type instead of var,Disabled,
None,IDE0009,.NET Style,,Member access should be qualified,Disabled,
None,IDE0010,.NET Style,,Add missing cases to switch statement,Warning,
None,IDE0011,.NET Style,,Add braces,Warning,
None,IDE0016,.NET Style,,Use throw expression,Warning,
None,IDE0017,.NET Style,,Use object initializers,Warning,
None,IDE0018,.NET Style,,Inline variable declaration,Warning,
None,IDE0019,.NET Style,,Use pattern matching to avoid as followed by a null check,Warning,
None,IDE0020,.NET Style,,Use pattern matching to avoid is check followed by a cast (with variable),Warning,
None,IDE0021,.NET Style,,Use expression body for constructors,Warning,
None,IDE0022,.NET Style,,Use expression body for methods,Warning,
None,IDE0023,.NET Style,,Use expression body for conversion operators,Warning,
None,IDE0024,.NET Style,,Use expression body for operators,Warning,
None,IDE0025,.NET Style,,Use expression body for properties,Warning,
None,IDE0026,.NET Style,,Use expression body for indexers,Warning,
None,IDE0027,.NET Style,,Use expression body for accessors,Warning,
None,IDE0028,.NET Style,,Use collection initializers,Warning,
None,IDE0029,.NET Style,,Null check can be simplified,Warning,
None,IDE0030,.NET Style,,Null check can be simplified,Warning,
None,IDE0031,.NET Style,,Use null propagation,Warning,
None,IDE0032,.NET Style,,Use auto property,Warning,
None,IDE0033,.NET Style,,Use explicitly provided tuple name,Warning,
None,IDE0034,.NET Style,,Simplify default expression,Warning,
None,IDE0035,.NET Style,,Remove unreachable code,Warning,
None,IDE0036,.NET Style,,Order modifiers,Warning,
None,IDE0037,.NET Style,,Use inferred member name,Warning,
None,IDE0038,.NET Style,,Use pattern matching to avoid is check followed by a cast (without variable),Warning,
None,IDE0039,.NET Style,,Use local function instead of lambda,Warning,
None,IDE0040,.NET Style,,Add accessibility modifiers,Warning,
None,IDE0041,.NET Style,,Use is null check,Warning,
None,IDE0042,.NET Style,,Deconstruct variable declaration,Warning,
None,IDE0043,.NET Style,,Format string contains invalid placeholder,Disabled,Deprecated in favor of CA2241.
None,IDE0044,.NET Style,,Add readonly modifier,Warning,
None,IDE0045,.NET Style,,Use conditional expression for assignment,Warning,
None,IDE0046,.NET Style,,Use conditional expression for return,Info,
None,IDE0047,.NET Style,,Remove unnecessary parentheses,Warning,
None,IDE0048,.NET Style,,Add parentheses for clarity,Warning,
None,IDE0049,.NET Style,,Use language keywords instead of framework type names for type references,Warning,
None,IDE0050,.NET Style,,Convert anonymous type to tuple,Warning,
None,IDE0051,.NET Style,,Remove unused private member,Warning,
None,IDE0052,.NET Style,,Remove unread private member,Warning,
None,IDE0053,.NET Style,,Use expression body for lambdas,Warning,
None,IDE0054,.NET Style,,Use compound assignment,Warning,
None,IDE0055,.NET Style,,Fix formatting,Warning,
None,IDE0056,.NET Style,,Use index operator,Warning,
None,IDE0057,.NET Style,,Use range operator,Warning,
None,IDE0058,.NET Style,,Remove unused expression value,Disabled,
None,IDE0059,.NET Style,,Remove unnecessary value assignment,Warning,
None,IDE0060,.NET Style,,Remove unused parameter,Warning,
None,IDE0061,.NET Style,,Use expression body for local functions,Warning,
None,IDE0062,.NET Style,,Make local function static,Warning,
None,IDE0063,.NET Style,,Use simple using statement,Warning,
None,IDE0064,.NET Style,,Make struct fields writable,Warning,
None,IDE0065,.NET Style,,using directive placement,Warning,
None,IDE0066,.NET Style,,Use switch expression,Warning,
None,IDE0070,.NET Style,,Use System.HashCode.Combine,Warning,
None,IDE0071,.NET Style,,Simplify interpolation,Warning,
None,IDE0072,.NET Style,,Add missing cases to switch expression,Warning,
None,IDE0073,.NET Style,,Use file header,Disabled,
None,IDE0074,.NET Style,,Use coalesce compound assignment,Warning,
None,IDE0075,.NET Style,,Simplify conditional expression,Warning,
None,IDE0076,.NET Style,,Remove invalid global SuppressMessageAttribute,Warning,
None,IDE0077,.NET Style,,Avoid legacy format target in global SuppressMessageAttribute,Warning,
None,IDE0078,.NET Style,,Use pattern matching,Warning,
None,IDE0079,.NET Style,,Remove unnecessary suppression,Warning,
None,IDE0080,.NET Style,,Remove unnecessary suppression operator,Warning,
None,IDE0081,.NET Style,,Remove ByVal,Warning,
None,IDE0082,.NET Style,,Convert typeof to nameof,Warning,
None,IDE0083,.NET Style,,Use pattern matching (not operator),Warning,
None,IDE0084,.NET Style,,Use pattern matching (IsNot operator),Hidden,Visual Basic only
None,IDE0090,.NET Style,,Simplify new expression,Warning,
None,IDE0100,.NET Style,,Remove unnecessary equality operator,Warning,
None,IDE0110,.NET Style,,Remove unnecessary discard,Warning,
None,IDE0120,.NET Style,,Simplify LINQ expression,Warning,
None,IDE0121,.NET Style,,Simplify LINQ type check and cast,Warning,
None,IDE0130,.NET Style,,Namespace does not match folder structure,Warning,
None,IDE0140,.NET Style,,Simplify object creation,Hidden,Visual Basic only
None,IDE0150,.NET Style,,Prefer null check over type check,Warning,
None,IDE0160,.NET Style,,Use block-scoped namespace,Disabled,
None,IDE0161,.NET Style,,Use file-scoped namespace,Warning,
None,IDE0170,.NET Style,,Simplify property pattern,Warning,
None,IDE0180,.NET Style,,Use tuple to swap values,Warning,
None,IDE0200,.NET Style,,Remove unnecessary lambda expression,Warning,
None,IDE0210,.NET Style,,Convert to top-level statements,Warning,
None,IDE0211,.NET Style,,Convert to 'Program.Main' style program,Disabled,
None,IDE0220,.NET Style,,Add explicit cast in foreach loop,Warning,
None,IDE0221,.NET Style,,Add explicit cast,Disabled,
None,IDE0230,.NET Style,,Use UTF-8 string literal,Warning,
None,IDE0240,.NET Style,,Nullable directive is redundant,Warning,
None,IDE0241,.NET Style,,Nullable directive is unnecessary,Warning,
None,IDE0250,.NET Style,,Struct can be made 'readonly',Warning,
None,IDE0251,.NET Style,,Member can be made 'readonly',Warning,
None,IDE0260,.NET Style,,Use pattern matching,Warning,
None,IDE0270,.NET Style,,Null check can be simplified,Warning,
None,IDE0280,.NET Style,,Use nameof,Warning,
None,IDE0290,.NET Style,,Use primary constructor,Warning,
None,IDE0300,.NET Style,,Use collection expression for array,Warning,
None,IDE0301,.NET Style,,Use collection expression for empty,Warning,
None,IDE0302,.NET Style,,Use collection expression for stackalloc,Warning,
None,IDE0303,.NET Style,,Use collection expression for Create(),Warning,
None,IDE0304,.NET Style,,Use collection expression for builder,Warning,
None,IDE0305,.NET Style,,Use collection expression for fluent,Warning,
None,IDE0306,.NET Style,,Use collection expression for new,Warning,
None,IDE0320,.NET Style,,Make anonymous function static,Warning,
None,IDE0330,.NET Style,,Prefer 'System.Threading.Lock',Warning,
None,IDE0340,.NET Style,,Use unbound generic type,Warning,
None,IDE0350,.NET Style,,Use implicitly typed lambda,Warning,
None,IDE0360,.NET Style,,Simplify property accessor,Warning,
None,IDE0370,.NET Style,,Remove unnecessary suppression,Warning,
None,IDE0380,.NET Style,,Remove unnecessary 'unsafe' modifier,Warning,
None,IDE1005,.NET Style,,Use conditional delegate call,Warning,
None,IDE1006,.NET Style,,Naming styles,Warning,
None,IDE2000,.NET Style,,Avoid multiple blank lines,Warning,
None,IDE2001,.NET Style,,Embedded statements must be on their own line,Warning,
None,IDE2002,.NET Style,,Consecutive braces must not have blank line between them,Warning,
None,IDE2003,.NET Style,,Blank line required between block and subsequent statement,Warning,
None,IDE2004,.NET Style,,Blank line not allowed after constructor initializer colon,Warning,
None,IDE2005,.NET Style,,Blank line not allowed after conditional expression token,Warning,
None,IDE2006,.NET Style,,Blank line not allowed after arrow expression clause token,Warning,
None,IDE3000,.NET Style,,Implement with Copilot,Hidden,
None,EX006,Exceptionator,CodeQuality,Unreachable code after throw,Warning,
None,EX007,Exceptionator,CodeQuality,Pointless try/catch block,Warning,
None,EX009,Exceptionator,CodeQuality,Empty try block with catch,Warning,
None,EX017,Exceptionator,CodeQuality,Catch 'when' clause always true,Warning,
None,EX008,Exceptionator,Correctness,ThreadAbortException must not be swallowed,Warning,
None,EX024,Exceptionator,Correctness,Avoid catching fatal exceptions,Warning,
None,EX020,Exceptionator,Design,Exception class should be public,Warning,
None,EX026,Exceptionator,Documentation,Document explicitly thrown exceptions,Warning,
None,EX010,Exceptionator,ExceptionHandling,Task.WaitAll should be wrapped with AggregateException catch,Warning,
None,EX011,Exceptionator,ExceptionHandling,Empty catch block,Warning,
None,EX012,Exceptionator,ExceptionHandling,Don't throw exceptions from property getters,Warning,
None,EX013,Exceptionator,ExceptionHandling,Avoid throwing ex.InnerException,Warning,
None,EX014,Exceptionator,ExceptionHandling,Avoid logging only ex.Message,Warning,
None,EX015,Exceptionator,ExceptionHandling,Avoid logging ex.ToString(),Warning,
None,EX016,Exceptionator,ExceptionHandling,Don't throw null,Warning,
None,EX018,Exceptionator,ExceptionHandling,Filter exceptions using catch when or specific types,Warning,
None,EX022,Exceptionator,ExceptionHandling,Exception constructor must call base constructor correctly,Warning,
None,EX023,Exceptionator,Naming,Exception class name must end with 'Exception',Warning,
None,EX001,Exceptionator,Usage,Exception should include a message,Warning,
None,EX002,Exceptionator,Usage,Avoid throwing base exceptions,Warning,
None,EX003,Exceptionator,Usage,Missing inner exception,Warning,
None,EX004,Exceptionator,Usage,Use 'throw;' instead of 'throw ex;',Warning,
None,EX005,Exceptionator,Usage,Exception variable is unused,Warning,
None,EX019,Exceptionator,Usage,NotImplementedException left in code,Warning,
None,EX021,Exceptionator,Usage,Exception must implement standard constructors,Warning,
None,EX025,Exceptionator,Usage,Handle documented exceptions,Warning,
None,SX1101,StyleCop,Alternative,"A call to an instance member of the local class or a base class is prefixed with 'this.', within a C# code file.",Warning,
None,SX1309,StyleCop,Alternative,A field name does not begin with an underscore.,Warning,
None,SX1309S,StyleCop,Alternative,A static field name does not begin with an underscore.,Disabled,
None,SA1600,StyleCop,Documentation,A C# code element is missing a documentation header.,Warning,
None,SA1601,StyleCop,Documentation,A C# partial element is missing a documentation header.,Warning,
None,SA1602,StyleCop,Documentation,An item within a C# enumeration is missing an Xml documentation header.,Warning,
None,SA1603,StyleCop,Documentation,The Xml within a C# element's document header is badly formed.,Disabled,
None,SA1604,StyleCop,Documentation,The Xml header documentation for a C# element is missing a <summary> tag.,Warning,
None,SA1605,StyleCop,Documentation,The <summary> or <content> tag within the documentation header for a C# code element is missing or empty.,Warning,
None,SA1606,StyleCop,Documentation,The <summary> tag within the documentation header for a C# code element is empty.,Warning,
None,SA1607,StyleCop,Documentation,The <summary> or <content> tag within the documentation header for a C# code element is empty.,Warning,
None,SA1608,StyleCop,Documentation,The <summary> tag within an element's Xml header documentation contains the default text generated by Visual Studio during the creation of the element.,Warning,
None,SA1609,StyleCop,Documentation,The Xml header documentation for a C# property does not contain a <value> tag.,Disabled,
None,SA1610,StyleCop,Documentation,The Xml header documentation for a C# property contains an empty <value> tag.,Warning,
None,SA1611,StyleCop,Documentation,"A C# method, constructor, delegate or indexer element is missing documentation for one or more of its parameters.",Warning,
None,SA1612,StyleCop,Documentation,"The documentation describing the parameters to a C# method, constructor, delegate or indexer element does not match the actual parameters on the element.",Warning,
None,SA1613,StyleCop,Documentation,A <param> tag within a C# element's documentation header is missing a name attribute containing the name of the parameter.,Warning,
None,SA1614,StyleCop,Documentation,A <param> tag within a C# element's documentation header is empty.,Warning,
None,SA1615,StyleCop,Documentation,A C# element is missing documentation for its return value.,Warning,
None,SA1616,StyleCop,Documentation,The <returns> tag within a C# element's documentation header is empty.,Warning,
None,SA1617,StyleCop,Documentation,"A C# code element does not contain a return value, or returns void, but the documentation header for the element contains a <returns> tag.",Warning,
None,SA1618,StyleCop,Documentation,A generic C# element is missing documentation for one or more of its generic type parameters.,Warning,
None,SA1619,StyleCop,Documentation,"A generic, partial C# element is missing documentation for one or more of its generic type parameters, and the documentation for the element contains a <summary> tag.",Warning,
None,SA1620,StyleCop,Documentation,The <typeparam> tags within the Xml header documentation for a generic C# element do not match the generic type parameters on the element.,Warning,
None,SA1621,StyleCop,Documentation,"A <typeparam> tag within the Xml header documentation for a generic C# element is missing a name attribute, or contains an empty name attribute.",Warning,
None,SA1622,StyleCop,Documentation,A <typeparam> tag within the Xml header documentation for a generic C# element is empty.,Warning,
None,SA1623,StyleCop,Documentation,The documentation text within a C# property's <summary> tag does not match the accessors within the property.,Warning,
None,SA1624,StyleCop,Documentation,"The documentation text within a C# property's <summary> tag takes into account all of the accessors within the property, but one of the accessors has limited access.",Warning,
None,SA1625,StyleCop,Documentation,"The Xml documentation for a C# element contains two or more identical entries, indicating that the documentation has been copied and pasted.",Warning,
None,SA1626,StyleCop,Documentation,The C# code contains a single-line comment which begins with three forward slashes in a row.,Warning,
None,SA1627,StyleCop,Documentation,The Xml header documentation for a C# code element contains an empty tag.,Warning,
None,SA1628,StyleCop,Documentation,A section of the Xml header documentation for a C# element does not begin with a capital letter.,Disabled,
None,SA1629,StyleCop,Documentation,A section of the Xml header documentation for a C# element does not end with a period (also known as a full stop).,Disabled,
None,SA1630,StyleCop,Documentation,A section of the Xml header documentation for a C# element does not contain any whitespace between words.,Disabled,
None,SA1631,StyleCop,Documentation,A section of the Xml header documentation for a C# element does not contain enough alphabetic characters.,Disabled,
None,SA1632,StyleCop,Documentation,From StyleCop 4.5 this rule is disabled by default.,Disabled,
None,SA1633,StyleCop,Documentation,A C# code file is missing a standard file header.,Disabled,
None,SA1634,StyleCop,Documentation,The file header at the top of a C# code file is missing a copyright tag.,Warning,
None,SA1635,StyleCop,Documentation,The file header at the top of a C# code file is missing copyright text.,Warning,
None,SA1636,StyleCop,Documentation,The file header at the top of a C# code file does not contain the appropriate copyright text.,Warning,
None,SA1637,StyleCop,Documentation,The file header at the top of a C# code file is missing the file name.,Warning,
None,SA1638,StyleCop,Documentation,The file tag within the file header at the top of a C# code file does not contain the name of the file.,Warning,
None,SA1639,StyleCop,Documentation,The file header at the top of a C# code file does not contain a filled-in summary tag.,Disabled,
None,SA1640,StyleCop,Documentation,The file header at the top of a C# code file does not contain company name text.,Warning,
None,SA1641,StyleCop,Documentation,The file header at the top of a C# code file does not contain the appropriate company name text.,Warning,
None,SA1642,StyleCop,Documentation,The XML documentation header for a C# constructor does not contain the appropriate summary text.,Warning,
None,SA1643,StyleCop,Documentation,The Xml documentation header for a C# finalizer does not contain the appropriate summary text.,Warning,
None,SA1644,StyleCop,Documentation,A section within the Xml documentation header for a C# element contains blank lines.,Disabled,
None,SA1645,StyleCop,Documentation,An included Xml documentation file does not exist.,Disabled,
None,SA1646,StyleCop,Documentation,An included Xml documentation link contains an invalid path.,Disabled,
None,SA1647,StyleCop,Documentation,An include tag within an Xml documentation header does not contain valid file and path attribute.,Disabled,
None,SA1648,StyleCop,Documentation,<inheritdoc> has been used on an element that doesn't inherit from a base class or implement an interface.,Warning,
None,SA1649,StyleCop,Documentation,The file name of a C# code file does not match the first type declared in the file.,Warning,
None,SA1650,StyleCop,Documentation,The element documentation for the element contains one or more spelling mistakes or unrecognized words.,Disabled,
None,SA1651,StyleCop,Documentation,The documentation for the element contains one or more <placeholder> elements.,Warning,
None,SA1652,StyleCop,Documentation,This rule was moved to SA0001,Hidden,"Deprecated rule, merged into SA0001"
None,SA1500,StyleCop,Layout,"The opening or closing brace within a C# statement, element, or expression is not placed on its own line.",Warning,
None,SA1501,StyleCop,Layout,A C# statement containing opening and closing braces is written completely on a single line.,Warning,
None,SA1502,StyleCop,Layout,A C# element containing opening and closing braces is written completely on a single line.,Warning,
None,SA1503,StyleCop,Layout,The opening and closing braces for a C# statement have been omitted.,Warning,
None,SA1504,StyleCop,Layout,"Within a C# property, indexer or event, at least one of the child accessors is written on a single line, and at least one of the child accessors is written across multiple lines.",Warning,
None,SA1505,StyleCop,Layout,"An opening brace within a C# element, statement, or expression is followed by a blank line.",Warning,
None,SA1506,StyleCop,Layout,An element documentation header above a C# element is followed by a blank line.,Warning,
None,SA1507,StyleCop,Layout,The C# code contains multiple blank lines in a row.,Warning,
None,SA1508,StyleCop,Layout,"A closing brace within a C# element, statement, or expression is preceded by a blank line.",Warning,
None,SA1509,StyleCop,Layout,"An opening brace within a C# element, statement, or expression is preceded by a blank line.",Warning,
None,SA1510,StyleCop,Layout,Chained C# statements are separated by a blank line.,Warning,
None,SA1511,StyleCop,Layout,The while footer at the bottom of a do-while statement is separated from the statement by a blank line.,Warning,
None,SA1512,StyleCop,Layout,A single-line comment within C# code is followed by a blank line.,Warning,
None,SA1513,StyleCop,Layout,"A closing brace within a C# element, statement, or expression is not followed by a blank line.",Warning,
None,SA1514,StyleCop,Layout,An element documentation header above a C# element is not preceded by a blank line.,Warning,
None,SA1515,StyleCop,Layout,A single-line comment within C# code is not preceded by a blank line.,Warning,
None,SA1516,StyleCop,Layout,Adjacent C# elements are not separated by a blank line.,Warning,
None,SA1517,StyleCop,Layout,The code file has blank lines at the start.,Warning,
None,SA1518,StyleCop,Layout,The line endings at the end of a file do not match the settings for the project.,Warning,
None,SA1519,StyleCop,Layout,The opening and closing braces for a multi-line C# statement have been omitted.,Warning,
None,SA1520,StyleCop,Layout,"The opening and closing braces of a chained if/else if/else construct were included for some clauses, but omitted for others.",Warning,
None,SA1119,StyleCop,Maintainability,A C# statement contains parenthesis which are unnecessary and should be removed.,Warning,
None,SA1400,StyleCop,Maintainability,The access modifier for a C# element has not been explicitly defined.,Warning,
None,SA1401,StyleCop,Maintainability,A field within a C# class has an access modifier other than private.,Warning,
None,SA1402,StyleCop,Maintainability,A C# code file contains more than one unique type.,Warning,
None,SA1403,StyleCop,Maintainability,A C# code file contains more than one namespace.,Warning,
None,SA1404,StyleCop,Maintainability,A Code Analysis SuppressMessage attribute does not include a justification.,Warning,
None,SA1405,StyleCop,Maintainability,A call to Debug.Assert in C# code does not include a descriptive message.,Warning,
None,SA1406,StyleCop,Maintainability,A call to Debug.Fail in C# code does not include a descriptive message.,Warning,
None,SA1407,StyleCop,Maintainability,A C# statement contains a complex arithmetic expression which omits parenthesis around operators.,Warning,
None,SA1408,StyleCop,Maintainability,A C# statement contains a complex conditional expression which omits parenthesis around operators.,Warning,
None,SA1409,StyleCop,Maintainability,A C# file contains code which is unnecessary and can be removed without changing the overall logic of the code.,Disabled,
None,SA1410,StyleCop,Maintainability,"A call to a C# anonymous method does not contain any method parameters, yet the statement still includes parenthesis.",Warning,
None,SA1411,StyleCop,Maintainability,"An attribute declaration does not contain any parameters, yet it still includes parenthesis.",Warning,
None,SA1412,StyleCop,Maintainability,The encoding of the file is not UTF-8 with byte order mark.,Disabled,
None,SA1413,StyleCop,Maintainability,A multi-line initializer should use a comma on the last item.,Warning,
None,SA1414,StyleCop,Maintainability,Tuple types appearing in member declarations should have explicitly named tuple elements.,Warning,
None,SA1300,StyleCop,Naming,The name of a C# element does not begin with an upper-case letter.,Warning,
None,SA1301,StyleCop,Naming,There are currently no situations in which this rule will fire.,Warning,
None,SA1302,StyleCop,Naming,The name of a C# interface does not begin with the capital letter I.,Warning,
None,SA1303,StyleCop,Naming,The name of a constant C# field should begin with an upper-case letter.,Warning,
None,SA1304,StyleCop,Naming,The name of a non-private readonly C# field should being with an upper-case letter.,Warning,
None,SA1305,StyleCop,Naming,The name of a field or variable in C# uses Hungarian notation.,Disabled,
None,SA1306,StyleCop,Naming,The name of a field in C# does not begin with a lower-case letter.,Warning,
None,SA1307,StyleCop,Naming,The name of a public or internal field in C# does not begin with an upper-case letter.,Warning,
None,SA1308,StyleCop,Naming,A field name in C# is prefixed with m_ or s_.,Warning,
None,SA1309,StyleCop,Naming,A field name in C# begins with an underscore.,Disabled,
None,SA1310,StyleCop,Naming,A field name in C# contains an underscore.,Warning,
None,SA1311,StyleCop,Naming,The name of a static readonly field does not begin with an upper-case letter.,Warning,
None,SA1312,StyleCop,Naming,The name of a variable in C# does not begin with a lower-case letter.,Warning,
None,SA1313,StyleCop,Naming,The name of a parameter in C# does not begin with a lower-case letter.,Warning,
None,SA1314,StyleCop,Naming,The name of a C# type parameter does not begin with the capital letter T.,Warning,
None,SA1316,StyleCop,Naming,Element names within a tuple type should have the correct casing.,Warning,
None,SA1200,StyleCop,Ordering,A C# using directive is placed outside of a namespace element.,Warning,
None,SA1201,StyleCop,Ordering,An element within a C# code file is out of order in relation to the other elements in the code.,Warning,
None,SA1202,StyleCop,Ordering,"An element within a C# code file is out of order within regard to access level, in relation to other elements in the code.",Warning,
None,SA1203,StyleCop,Ordering,A constant field is placed beneath a non-constant field.,Warning,
None,SA1204,StyleCop,Ordering,A static element is positioned beneath an instance element of the same type.,Warning,
None,SA1205,StyleCop,Ordering,The partial element does not have an access modifier defined.,Warning,
None,SA1206,StyleCop,Ordering,The keywords within the declaration of an element do not follow a standard ordering scheme.,Warning,
None,SA1207,StyleCop,Ordering,The keyword protected is positioned after the keyword internal within the declaration of a protected internal C# element.,Warning,
None,SA1208,StyleCop,Ordering,"A using directive which declares a member of the System namespace appears after a using directive which declares a member of a different namespace, within a C# code file.",Warning,
None,SA1209,StyleCop,Ordering,A using-alias directive is positioned before a regular using directive.,Warning,
None,SA1210,StyleCop,Ordering,The using directives within a C# code file are not sorted alphabetically by namespace.,Warning,
None,SA1211,StyleCop,Ordering,The using-alias directives within a C# code file are not sorted alphabetically by alias name.,Warning,
None,SA1212,StyleCop,Ordering,A get accessor appears after a set accessor within a property or indexer.,Warning,
None,SA1213,StyleCop,Ordering,An add accessor appears after a remove accessor within an event.,Warning,
None,SA1214,StyleCop,Ordering,A readonly field is positioned beneath a non-readonly field.,Warning,
None,SA1215,StyleCop,Ordering,An instance readonly element is positioned beneath an instance non-readonly element of the same type.,Hidden,"Deprecated rule, merged into SA1214"
None,SA1216,StyleCop,Ordering,A using static directive is positioned at the wrong location (before a regular using directive or after an alias using directive).,Warning,
None,SA1217,StyleCop,Ordering,The using static directives within a C# code file are not sorted alphabetically by full type name.,Warning,
None,SA1100,StyleCop,Readability,"A call to a member from an inherited class begins with base., and the local class does not contain an override or implementation of the member.",Warning,
None,SA1101,StyleCop,Readability,"A call to an instance member of the local class or a base class is not prefixed with 'this.', within a C# code file.",Disabled,
None,SA1102,StyleCop,Readability,"A C# query clause does not begin on the same line as the previous clause, or on the next line.",Warning,
None,SA1103,StyleCop,Readability,"The clauses within a C# query expression are not all placed on the same line, and each clause is not placed on its own line.",Warning,
None,SA1104,StyleCop,Readability,"A clause within a C# query expression begins on the same line as the previous clause, when the previous clause spans across multiple lines.",Warning,
None,SA1105,StyleCop,Readability,"A clause within a C# query expression spans across multiple lines, and does not begin on its own line.",Warning,
None,SA1106,StyleCop,Readability,The C# code contains an extra semicolon.,Warning,
None,SA1107,StyleCop,Readability,The C# code contains more than one statement on a single line.,Warning,
None,SA1108,StyleCop,Readability,A C# statement contains a comment between the declaration of the statement and the opening brace of the statement.,Warning,
None,SA1109,StyleCop,Readability,A C# statement contains a region tag between the declaration of the statement and the opening brace of the statement.,Warning,
None,SA1110,StyleCop,Readability,"The opening parenthesis or bracket in a call to a C# method or indexer, or the declaration of a method or indexer, is not placed on the same line as the method or indexer name.",Warning,
None,SA1111,StyleCop,Readability,"The closing parenthesis or bracket in a call to a C# method or indexer, or the declaration of a method or indexer, is not placed on the same line as the last parameter.",Warning,
None,SA1112,StyleCop,Readability,"The closing parenthesis or bracket in a call to a C# method or indexer, or the declaration of a method or indexer, is not placed on the same line as the opening bracket when the element does not take any parameters.",Warning,
None,SA1113,StyleCop,Readability,"A comma between two parameters in a call to a C# method or indexer, or in the declaration of a method or indexer, is not placed on the same line as the previous parameter.",Warning,
None,SA1114,StyleCop,Readability,"The start of the parameter list for a method or indexer call or declaration does not begin on the same line as the opening bracket, or on the line after the opening bracket.",Warning,
None,SA1115,StyleCop,Readability,"A parameter within a C# method or indexer call or declaration does not begin on the same line as the previous parameter, or on the next line.",Warning,
None,SA1116,StyleCop,Readability,"The parameters to a C# method or indexer call or declaration span across multiple lines, but the first parameter does not start on the line after the opening bracket.",Warning,
None,SA1117,StyleCop,Readability,The parameters to a C# method or indexer call or declaration are not all on the same line or each on a separate line.,Warning,
None,SA1118,StyleCop,Readability,"A parameter to a C# method or indexer, other than the first parameter, spans across multiple lines.",Warning,
None,SA1120,StyleCop,Readability,The C# comment does not contain any comment text.,Warning,
None,SA1121,StyleCop,Readability,"The code uses one of the basic C# types, but does not use the built-in alias for the type.",Warning,
None,SA1122,StyleCop,Readability,"The C# code includes an empty string, written as """".",Warning,
None,SA1123,StyleCop,Readability,The C# code contains a region within the body of a code element.,Warning,
None,SA1124,StyleCop,Readability,The C# code contains a region.,Warning,
None,SA1125,StyleCop,Readability,The Nullable type has been defined not using the C# shorthand.,Warning,
None,SA1126,StyleCop,Readability,"A call to a member is not prefixed with the 'this.', 'base.', 'object.' or 'typename.' prefix to indicate the intended method call, within a C# code file.",Disabled,
None,SA1127,StyleCop,Readability,"A generic constraint on a type or method declaration is on the same line as the declaration, within a C# code file.",Warning,
None,SA1128,StyleCop,Readability,"A constructor initializer is on the same line as the constructor declaration, within a C# code file.",Warning,
None,SA1129,StyleCop,Readability,A value type was constructed using the syntax new T().,Warning,
None,SA1130,StyleCop,Readability,"An anonymous method was declared using the form delegate (parameters) { }, when a lambda expression would provide equivalent behavior with the syntax (parameters) => { }.",Warning,
None,SA1131,StyleCop,Readability,"A comparison was made between a variable and a literal or constant value, and the variable appeared on the right-hand side of the expression.",Warning,
None,SA1132,StyleCop,Readability,Two or more fields were declared in the same field declaration syntax.,Warning,
None,SA1133,StyleCop,Readability,Two or more attributes appeared within the same set of square brackets.,Warning,
None,SA1134,StyleCop,Readability,An attribute is placed on the same line of code as another attribute or element.,Warning,
None,SA1135,StyleCop,Readability,A using directive is not qualified.,Warning,
None,SA1136,StyleCop,Readability,Multiple enum values are placed on the same line of code.,Warning,
None,SA1137,StyleCop,Readability,Two sibling elements which each start on their own line have different levels of indentation.,Warning,
None,SA1139,StyleCop,Readability,Use literal suffix notation instead of casting.,Warning,
None,SA1141,StyleCop,Readability,Use tuple syntax instead of the underlying ValueTuple implementation type.,Warning,
None,SA1142,StyleCop,Readability,An element of a tuple was referenced by its metadata name when an element name is available.,Warning,
None,SA1000,StyleCop,Spacing,The spacing around a C# keyword is incorrect.,Warning,
None,SA1001,StyleCop,Spacing,"The spacing around a comma is incorrect, within a C# code file.",Warning,
None,SA1002,StyleCop,Spacing,"The spacing around a semicolon is incorrect, within a C# code file.",Warning,
None,SA1003,StyleCop,Spacing,"The spacing around an operator symbol is incorrect, within a C# code file.",Warning,
None,SA1004,StyleCop,Spacing,A line within a documentation header above a C# element does not begin with a single space.,Warning,
None,SA1005,StyleCop,Spacing,A single-line comment within a C# code file does not begin with a single space.,Warning,
None,SA1006,StyleCop,Spacing,A C# preprocessor-type keyword is preceded by space.,Warning,
None,SA1007,StyleCop,Spacing,The operator keyword within a C# operator overload method is not followed by any whitespace.,Warning,
None,SA1008,StyleCop,Spacing,An opening parenthesis within a C# statement is not spaced correctly.,Warning,
None,SA1009,StyleCop,Spacing,A closing parenthesis within a C# statement is not spaced correctly.,Warning,
None,SA1010,StyleCop,Spacing,An opening square bracket within a C# statement is not spaced correctly.,Warning,
None,SA1011,StyleCop,Spacing,A closing square bracket within a C# statement is not spaced correctly.,Warning,
None,SA1012,StyleCop,Spacing,An opening brace within a C# element is not spaced correctly.,Warning,
None,SA1013,StyleCop,Spacing,A closing brace within a C# element is not spaced correctly.,Warning,
None,SA1014,StyleCop,Spacing,An opening generic bracket within a C# element is not spaced correctly.,Warning,
None,SA1015,StyleCop,Spacing,A closing generic bracket within a C# element is not spaced correctly.,Warning,
None,SA1016,StyleCop,Spacing,An opening attribute bracket within a C# element is not spaced correctly.,Warning,
None,SA1017,StyleCop,Spacing,A closing attribute bracket within a C# element is not spaced correctly.,Warning,
None,SA1018,StyleCop,Spacing,A nullable type symbol within a C# element is not spaced correctly.,Warning,
None,SA1019,StyleCop,Spacing,"The spacing around a member access symbol is incorrect, within a C# code file.",Warning,
None,SA1020,StyleCop,Spacing,An increment or decrement symbol within a C# element is not spaced correctly.,Warning,
None,SA1021,StyleCop,Spacing,A negative sign within a C# element is not spaced correctly.,Warning,
None,SA1022,StyleCop,Spacing,A positive sign within a C# element is not spaced correctly.,Warning,
None,SA1023,StyleCop,Spacing,A dereference symbol or an access-of symbol within a C# element is not spaced correctly.,Warning,
None,SA1024,StyleCop,Spacing,A colon within a C# element is not spaced correctly.,Warning,
None,SA1025,StyleCop,Spacing,The code contains multiple whitespace characters in a row.,Warning,
None,SA1026,StyleCop,Spacing,An implicitly typed new array allocation within a C# code file is not spaced correctly.,Warning,
None,SA1027,StyleCop,Spacing,The code contains a tab or space character which is not consistent with the current project settings.,Warning,
None,SA1028,StyleCop,Spacing,"A line of code ends with a space, tab, or other whitespace characters before the end of line character(s).",Warning,
None,SA0001,StyleCop,Special,All diagnostics of XML documentation comments has been disabled due to the current project configuration.,Disabled,
None,SA0002,StyleCop,Special,The stylecop.json settings file could not be loaded due to a deserialization error.,Warning,
None,TUnit0300,TUnit,AOT Compatibility,Generic types may not be AOT-compatible - ensure all combinations are known at compile time,Warning,
None,TUnit0301,TUnit,AOT Compatibility,Tuple usage may not be AOT-compatible - consider using concrete types,Warning,
None,TUnit0302,TUnit,AOT Compatibility,Custom conversion operators may not be AOT-compatible - use explicit casting,Warning,
None,TUnit0015,TUnit,Async and Execution,Methods with [Timeout] must have a CancellationToken parameter,Warning,
None,TUnit0031,TUnit,Async and Execution,Async void methods and lambdas not allowed - return Task instead,Warning,
None,TUnit0017,TUnit,Attribute and Metadata,[Explicit] attribute cannot be on both method and class - choose one location,Warning,
None,TUnit0028,TUnit,Attribute and Metadata,Do not override TUnit's AttributeUsage settings,Warning,
None,TUnit0029,TUnit,Attribute and Metadata,Duplicate attribute where only one is allowed,Warning,
None,TUnit0030,TUnit,Attribute and Metadata,Test class doesn't inherit base class tests - add [InheritsTests] to include them,Warning,
None,TUnit0032,TUnit,Attribute and Metadata,[DependsOn] and [NotInParallel] attributes conflict - tests with dependencies must support parallel execution,Warning,
None,TUnit0033,TUnit,Attribute and Metadata,Circular or conflicting test dependencies detected,Warning,
None,TUnit0059,TUnit,Attribute and Metadata,Abstract test class with data sources requires [InheritsTests] on concrete class to execute tests,Warning,
None,TUnit0018,TUnit,Best Practices and Warnings,Test methods should not assign instance fields/properties - consider using static fields or [NotInParallel],Warning,
None,TUnit0023,TUnit,Best Practices and Warnings,Disposable fields/properties should be disposed in cleanup methods ([After(Test)] or [After(Class)]),Warning,
None,TUnit0034,TUnit,Best Practices and Warnings,Do not declare a Main method in test projects - TUnit provides its own entry point,Warning,
None,TUnit0055,TUnit,Best Practices and Warnings,Do not overwrite Console.Out/Error - it breaks TUnit logging,Warning,
None,TUnit0004,TUnit,Data Source and Parameter,Data source method not found,Warning,
None,TUnit0005,TUnit,Data Source and Parameter,Nullable parameter has non-nullable argument - consider making the argument nullable,Warning,
None,TUnit0007,TUnit,Data Source and Parameter,Data source method must be static,Warning,
None,TUnit0008,TUnit,Data Source and Parameter,Data source method must be public,Warning,
None,TUnit0009,TUnit,Data Source and Parameter,Data source method cannot be abstract,Warning,
None,TUnit0010,TUnit,Data Source and Parameter,Data source method must be parameterless,Warning,
None,TUnit0011,TUnit,Data Source and Parameter,Data source method must return data (IEnumerable or Task<IEnumerable>),Warning,
None,TUnit0038,TUnit,Data Source and Parameter,Property with data attribute must have a data source attribute,Warning,
None,TUnit0043,TUnit,Data Source and Parameter,Properties with data attributes must use 'required' keyword,Warning,
None,TUnit0044,TUnit,Data Source and Parameter,Properties with data attributes must have a setter,Warning,
None,TUnit0045,TUnit,Data Source and Parameter,Property has multiple data source attributes - use only one,Warning,
None,TUnit0046,TUnit,Data Source and Parameter,Data source should return Func<T> for reference types to ensure test isolation,Warning,
None,TUnit0049,TUnit,Data Source and Parameter,[Matrix] parameters require [MatrixDataSource] attribute on the test method,Warning,
None,TUnit0050,TUnit,Data Source and Parameter,Too many test arguments provided,Warning,
None,TUnit0056,TUnit,Data Source and Parameter,Instance data source methods must use [InstanceMethodDataSource] attribute,Warning,
None,TUnit0060,TUnit,Data Source and Parameter,Data source may produce no tests - ensure it provides at least one test case,Info,
None,TUnit0016,TUnit,Hook and Lifecycle,Hook methods must not be static,Warning,
None,TUnit0027,TUnit,Hook and Lifecycle,Hook method has incorrect parameters - check expected parameter types for this hook,Warning,
None,TUnit0039,TUnit,Hook and Lifecycle,Test hook methods require single TestContext parameter,Warning,
None,TUnit0040,TUnit,Hook and Lifecycle,Class hook methods require single ClassHookContext parameter,Warning,
None,TUnit0041,TUnit,Hook and Lifecycle,Assembly hook methods require single AssemblyHookContext parameter,Warning,
None,TUnit0042,TUnit,Hook and Lifecycle,Global hooks should be in separate classes from tests for clarity,Warning,
None,TUnit0047,TUnit,Hook and Lifecycle,AsyncLocal values from BeforeTest hooks require context.AddAsyncLocalValue() to flow to tests,Warning,
None,TUnit0057,TUnit,Hook and Lifecycle,Hook context parameter available - consider adding for additional context information,Info,
None,TUnit0058,TUnit,Hook and Lifecycle,Hook method has unknown parameters - check expected parameter types for this hook,Warning,
None,TUMS0001,TUnit,Migration and Legacy Support,MSTest code can be migrated to TUnit,Info,
None,TUNU0001,TUnit,Migration and Legacy Support,NUnit code can be migrated to TUnit,Info,
None,TUXU0001,TUnit,Migration and Legacy Support,XUnit code can be migrated to TUnit,Info,
None,TUnit0001,TUnit,Test Method and Structure,Test argument types don't match method parameters,Warning,
None,TUnit0002,TUnit,Test Method and Structure,No data provided for test,Warning,
None,TUnit0013,TUnit,Test Method and Structure,Test has more arguments than method parameters,Warning,
None,TUnit0014,TUnit,Test Method and Structure,Public test method missing [Test] attribute - add attribute or make method private/protected,Warning,
None,TUnit0019,TUnit,Test Method and Structure,Test method missing [Test] attribute,Warning,
None,TUnit0048,TUnit,Test Method and Structure,Test methods in non-static classes must not be static,Warning,
None,TUnit0051,TUnit,Test Method and Structure,Test class must be public,Warning,
None,TUnit0052,TUnit,Test Method and Structure,Multiple constructors found without [TestConstructor] attribute,Warning,
None,VSTHRD001,Visual Studio Threading,,Avoid legacy thread switching methods,Warning,
None,VSTHRD002,Visual Studio Threading,,Avoid problematic synchronous waits,Warning,
None,VSTHRD003,Visual Studio Threading,,Avoid awaiting foreign Tasks,Warning,
None,VSTHRD004,Visual Studio Threading,,Await SwitchToMainThreadAsync,Warning,
None,VSTHRD010,Visual Studio Threading,,Invoke single-threaded types on Main thread,Warning,
None,VSTHRD011,Visual Studio Threading,,Use AsyncLazy<T>,Warning,
None,VSTHRD012,Visual Studio Threading,,Provide JoinableTaskFactory where allowed,Warning,
None,VSTHRD100,Visual Studio Threading,,Avoid async void methods,Warning,
None,VSTHRD101,Visual Studio Threading,,Avoid unsupported async delegates,Warning,
None,VSTHRD102,Visual Studio Threading,,Implement internal logic asynchronously,Warning,
None,VSTHRD103,Visual Studio Threading,,Call async methods when in an async method,Warning,
None,VSTHRD104,Visual Studio Threading,,Offer async option,Warning,
None,VSTHRD105,Visual Studio Threading,,Avoid method overloads that assume TaskScheduler.Current,Warning,
None,VSTHRD106,Visual Studio Threading,,Use InvokeAsync to raise async events,Warning,
None,VSTHRD107,Visual Studio Threading,,Await Task within using expression,Warning,
None,VSTHRD108,Visual Studio Threading,,Assert thread affinity unconditionally,Warning,
None,VSTHRD109,Visual Studio Threading,,Switch instead of assert in async methods,Warning,
None,VSTHRD110,Visual Studio Threading,,Observe result of async calls,Warning,
None,VSTHRD111,Visual Studio Threading,,Use .ConfigureAwait(bool),Hidden,This is already covered by CA2007.
None,VSTHRD112,Visual Studio Threading,,Implement System.IAsyncDisposable,Warning,
None,VSTHRD113,Visual Studio Threading,,Check for System.IAsyncDisposable,Warning,
None,VSTHRD114,Visual Studio Threading,,Avoid returning null from a Task-returning method.,Warning,
None,VSTHRD115,Visual Studio Threading,,Avoid creating a JoinableTaskContext with an explicit null SynchronizationContext,Warning,
None,VSTHRD200,Visual Studio Threading,,Use Async naming convention,Warning,
None,xUnit2000,xUnit,Assertion,Constants and literals should be the expected argument,Warning,
None,xUnit2001,xUnit,Assertion,Do not use invalid equality check,Warning,
None,xUnit2002,xUnit,Assertion,Do not use null check on value type,Warning,
None,xUnit2003,xUnit,Assertion,Do not use equality check to test for null value,Warning,
None,xUnit2004,xUnit,Assertion,Do not use equality check to test for boolean conditions,Warning,
None,xUnit2005,xUnit,Assertion,Do not use identity check on value type,Warning,
None,xUnit2006,xUnit,Assertion,Do not use invalid string equality check,Warning,
None,xUnit2007,xUnit,Assertion,Do not use typeof expression to check the type,Warning,
None,xUnit2008,xUnit,Assertion,Do not use boolean check to match on regular expressions,Warning,
None,xUnit2009,xUnit,Assertion,Do not use boolean check to check for substrings,Warning,
None,xUnit2010,xUnit,Assertion,Do not use boolean check to check for string equality,Warning,
None,xUnit2011,xUnit,Assertion,Do not use empty collection check,Warning,
None,xUnit2012,xUnit,Assertion,Do not use Enumerable.Any() to check if a value exists in a collection,Warning,
None,xUnit2013,xUnit,Assertion,Do not use equality check to check for collection size.,Warning,
None,xUnit2014,xUnit,Assertion,Do not use throws check to check for asynchronously thrown exception,Warning,
None,xUnit2015,xUnit,Assertion,Do not use typeof expression to check the exception type,Warning,
None,xUnit2016,xUnit,Assertion,Keep precision in the allowed range when asserting equality of doubles or decimals.,Warning,
None,xUnit2017,xUnit,Assertion,Do not use Contains() to check if a value exists in a collection,Warning,
None,xUnit2018,xUnit,Assertion,Do not compare an object's exact type to an abstract class or interface,Warning,
None,xUnit2019,xUnit,Assertion,Do not use obsolete throws check to check for asynchronously thrown exception,Hidden,"Deprecated rule, merged into xUnit2014"
None,xUnit2020,xUnit,Assertion,Do not use always-failing boolean assertion to fail a test,Warning,
None,xUnit2021,xUnit,Assertion,Async assertions should be awaited,Warning,
None,xUnit2022,xUnit,Assertion,Boolean assertions should not be negated,Warning,
None,xUnit2023,xUnit,Assertion,Do not use collection methods for single-item collections,Warning,
None,xUnit2024,xUnit,Assertion,Do not use boolean asserts for simple equality tests,Warning,
None,xUnit2025,xUnit,Assertion,The boolean assertion statement can be simplified,Warning,
None,xUnit2026,xUnit,Assertion,Comparison of sets must be done with IEqualityComparer,Warning,
None,xUnit2027,xUnit,Assertion,Comparison of sets to linear containers have undefined results,Warning,
None,xUnit2028,xUnit,Assertion,Do not use Assert.Empty or Assert.NotEmpty with problematic types,Warning,
None,xUnit2029,xUnit,Assertion,Do not use Assert.Empty to check if a value does not exist in a collection,Warning,
None,xUnit2030,xUnit,Assertion,Do not use Assert.NotEmpty to check if a value exists in a collection,Warning,
None,xUnit2031,xUnit,Assertion,Do not use Where clause with Assert.Single,Warning,
None,xUnit2032,xUnit,Assertion,Type assertions based on 'assignable from' are confusingly named,Warning,
None,xUnit3000,xUnit,Extensibility,Classes which cross AppDomain boundaries must derive directly or indirectly from LongLivedMarshalByRefObject,Warning,
None,xUnit3001,xUnit,Extensibility,Classes that are marked as serializable (or created by the test framework at runtime) must have a public parameterless constructor,Warning,
None,xUnit3002,xUnit,Extensibility,Classes which are JSON serializable should not be tested for their concrete type,Warning,
None,xUnit3003,xUnit,Extensibility,Classes which extend FactAttribute (directly or indirectly) should provide a public constructor for source information,Warning,
None,xUnit3004,xUnit,Extensibility,Type must implement appropriate interface,Warning,
None,xUnit3005,xUnit,Extensibility,Type must have an appropriate non-obsolete public constructor,Warning,
None,xUnit3006,xUnit,Extensibility,Test case implementation must be serializable,Warning,
None,xUnit3007,xUnit,Extensibility,Test case implementation might not be serializable,Warning,
None,xUnit1000,xUnit,Usage,Test classes must be public,Warning,
None,xUnit1001,xUnit,Usage,Fact methods cannot have parameters,Warning,
None,xUnit1002,xUnit,Usage,Test methods cannot have multiple Fact or Theory attributes,Warning,
None,xUnit1003,xUnit,Usage,Theory methods must have test data,Warning,
None,xUnit1004,xUnit,Usage,Test methods should not be skipped,Warning,
None,xUnit1005,xUnit,Usage,Fact methods should not have test data,Warning,
None,xUnit1006,xUnit,Usage,Theory methods should have parameters,Warning,
None,xUnit1007,xUnit,Usage,ClassData must point at a valid class,Warning,
None,xUnit1008,xUnit,Usage,Test data attribute should only be used on a Theory,Warning,
None,xUnit1009,xUnit,Usage,InlineData values must match the number of method parameters,Warning,
None,xUnit1010,xUnit,Usage,The value is not convertible to the method parameter type,Warning,
None,xUnit1011,xUnit,Usage,There is no matching method parameter,Warning,
None,xUnit1012,xUnit,Usage,Null should not be used for value type parameters,Warning,
None,xUnit1013,xUnit,Usage,Public method should be marked as test,Warning,
None,xUnit1014,xUnit,Usage,MemberData should use nameof operator for member name,Warning,
None,xUnit1015,xUnit,Usage,MemberData must reference an existing member,Warning,
None,xUnit1016,xUnit,Usage,MemberData must reference a public member,Warning,
None,xUnit1017,xUnit,Usage,MemberData must reference a static member,Warning,
None,xUnit1018,xUnit,Usage,MemberData must reference a valid member kind,Warning,
None,xUnit1019,xUnit,Usage,MemberData must reference a member providing a valid data type,Warning,
None,xUnit1020,xUnit,Usage,MemberData must reference a property with a getter,Warning,
None,xUnit1021,xUnit,Usage,MemberData should not have parameters if the referenced member is not a method,Warning,
None,xUnit1022,xUnit,Usage,Theory methods cannot have a parameter array,Warning,
None,xUnit1023,xUnit,Usage,Theory methods cannot have default parameter values,Warning,
None,xUnit1024,xUnit,Usage,Test methods cannot have overloads,Warning,
None,xUnit1025,xUnit,Usage,InlineData should be unique within the Theory it belongs to,Warning,
None,xUnit1026,xUnit,Usage,Theory methods should use all of their parameters,Warning,
None,xUnit1027,xUnit,Usage,Collection definition classes must be public,Warning,
None,xUnit1028,xUnit,Usage,Test method must have valid return type,Warning,
None,xUnit1029,xUnit,Usage,Local functions cannot be test functions,Warning,
None,xUnit1030,xUnit,Usage,Do not call ConfigureAwait in test method,Warning,
None,xUnit1031,xUnit,Usage,Do not use blocking task operations in test method,Warning,
None,xUnit1032,xUnit,Usage,Test classes cannot be nested within a generic class,Warning,
None,xUnit1033,xUnit,Usage,Test classes decorated with 'IClassFixture<T>' or 'ICollectionFixture<T>' should add a constructor argument of type 'T',Warning,
None,xUnit1034,xUnit,Usage,Null should only be used for nullable parameters,Warning,
None,xUnit1035,xUnit,Usage,The value is not convertible to the method parameter type,Warning,
None,xUnit1036,xUnit,Usage,There is no matching method parameter,Warning,
None,xUnit1037,xUnit,Usage,There are fewer theory data type arguments than required by the parameters of the test method,Warning,
None,xUnit1038,xUnit,Usage,There are more theory data type arguments than allowed by the parameters of the test method,Warning,
None,xUnit1039,xUnit,Usage,The type argument to theory data is not compatible with the type of the corresponding test method parameter,Warning,
None,xUnit1040,xUnit,Usage,"The type argument to theory data is nullable, while the type of the corresponding test method parameter is not",Warning,
None,xUnit1041,xUnit,Usage,Fixture arguments to test classes must have fixture sources,Warning,
None,xUnit1042,xUnit,Usage,The member referenced by the MemberData attribute returns untyped data rows,Warning,
None,xUnit1043,xUnit,Usage,Constructors on classes derived from FactAttribute must be public when used on test methods,Warning,
None,xUnit1044,xUnit,Usage,Avoid using TheoryData type arguments that are not serializable,Warning,
None,xUnit1045,xUnit,Usage,Avoid using TheoryData type arguments that might not be serializable,Warning,
None,xUnit1046,xUnit,Usage,Avoid using TheoryDataRow arguments that are not serializable,Warning,
None,xUnit1047,xUnit,Usage,Avoid using TheoryDataRow arguments that might not be serializable,Warning,
None,xUnit1048,xUnit,Usage,Avoid using 'async void' for test methods as it is deprecated in xUnit.net v3,Warning,
None,xUnit1049,xUnit,Usage,Do not use 'async void' for test methods as it is no longer supported,Warning,
None,xUnit1050,xUnit,Usage,The class referenced by the ClassData attribute returns untyped data rows,Warning,
None,xUnit1051,xUnit,Usage,Calls to methods which accept CancellationToken should use TestContext.Current.CancellationToken,Warning,
None,xUnit1052,xUnit,Usage,Avoid using 'TheoryData<...>' with types that implement 'ITheoryDataRow',Warning,
None,xUnit1053,xUnit,Usage,The static member used as theory data must be statically initialized,Warning,
None,xUnit1054,xUnit,Usage,"Properties used for conditional skipping must be public, static, and return bool",Warning,
None,xUnit1055,xUnit,Usage,Conditional skipping cannot set both SkipUnless and SkipWhen,Warning,
None,xUnit1056,xUnit,Usage,Type must have a single public non-static constructor,Warning,
None,xUnit1057,xUnit,Usage,Type must be public or internal,Warning,
None,xUnit1058,xUnit,Usage,Generic collection definitions are not supported in Native AOT,Warning,
None,xUnit1059,xUnit,Usage,Test classes may not be decorated with ICollectionFixture<>,Warning,
None,xUnit1060,xUnit,Usage,Cultured test methods must have at least one culture,Warning,
None,xUnit1061,xUnit,Usage,Fact methods cannot be generic,Warning,
None,xUnit1062,xUnit,Usage,Theory methods cannot be generic in Native AOT,Warning,
None,xUnit1063,xUnit,Usage,Test class cannot be an open generic type,Warning,
None,xUnit1064,xUnit,Usage,Theory parameter cannot use params modifier in Native AOT,Warning,
None,xUnit1065,xUnit,Usage,MemberData method is ambiguous,Warning,
None,xUnit1066,xUnit,Usage,MemberData parameter cannot use params modifier in Native AOT,Warning,
None,xUnit1067,xUnit,Usage,There is no matching MemberData method argument,Warning,
None,xUnit1068,xUnit,Usage,MemberData cannot point to an open generic type,Warning,
None,xUnit1069,xUnit,Usage,Test methods with a Timeout should reference TestContext.Current.CancellationToken,Warning,
